participant_id	age	sex	diagnosis	education	APOE	ACT	BACE1	BDNF	CHRNA7	CLU	COMT	CR1	ERBB4	NRG1	PICALM	BNT	DST_forward	DST_backward	imitation_gestures	VM_imm_units	VM_del_units	VM_imm_them	VM_del_them	PFT	SFT	TMT_A	TMT_B	FAQ	GDS_15	GloDS	MMSE	MCI2AD
sub-001	67	M	MCI	17	33	AT	CC	AG	CC	TT	GG	CT	GG	CT	AG	54	11	9	7	27	n/a	11	n/a	10	10	43	79	2	5	3	29	nC
sub-002	70	M	HC	9	n/a	n/a	n/a	n/a	n/a	n/a	n/a	n/a	n/a	n/a	n/a	48	6	2	7	15	10	13	9	7	13	61	211	0	0	n/a	27	n/a
sub-003	69	M	HC	8	33	AT	CG	GG	CC	CT	AG	CC	AG	TT	GG	57	10	6	8	34	25	18	12	18.3	14	59	157	0	0	1	30	n/a
sub-004	78	F	HC	4	34	AT	CC	GG	CT	CC	GG	CC	AG	CT	GG	49	9	6	8	33	19	15	9	8	15	78	144	0	0	n/a	29	n/a
sub-005	66	F	HC	16	34	AT	CC	GG	CC	CC	AG	CC	AG	TT	GG	48	7	5	8	39	26	18	13	8.3	15.5	44	71	0	2	1	30	n/a
sub-006	72	F	SCD	6	33	n/a	CC	GG	n/a	CC	GG	CT	AG	n/a	GG	49	6	4	8	28	n/a	15	n/a	7	14	64	337	2	9	n/a	28	n/a
sub-007	87	F	MCI	5	33	AA	CG	GG	CC	CC	AG	CT	AG	CT	GG	21	6	3	4	5	0	5	0	1.3	5	114	400	5	4	3	22	C
sub-008	68	F	SCD	10	33	AT	CG	GG	CC	CC	AG	CC	AG	CT	AA	55	7	5	8	44	27	19	13	12	16	35	102	0	0	n/a	28	n/a
sub-009	80	M	SCD	6	34	AT	CC	AG	CC	CC	AG	CC	AG	CC	GG	55	12	7	7	37	24	15	8	10	16	70	88	0	2	n/a	30	n/a
sub-010	68	F	SCD	7	33	AA	CG	GG	CC	CC	AG	CC	GG	CT	AG	49	9	5	8	21	16	9	10	12	16	60	170	0	1	n/a	30	n/a
sub-011	70	F	SCD	n/a	33	AT	CG	GG	CC	CC	AG	CC	AG	TT	GG	53	9	5	8	38	25	11	10	15	20	35	98	0	2	n/a	28	n/a
sub-012	80	F	SCD	8	33	AT	CC	GG	CC	CC	AA	CC	AG	CC	AG	56	9	5	6	16	3	10	4	10	15	49	130	3	1	n/a	29	n/a
sub-013	68	F	MCI	n/a	n/a	n/a	n/a	n/a	n/a	n/a	n/a	n/a	n/a	n/a	n/a	n/a	n/a	n/a	n/a	n/a	n/a	n/a	n/a	n/a	n/a	n/a	n/a	n/a	n/a	3	30	n/a
sub-014	71	M	MCI	7	34	AA	CG	GG	CC	CC	AG	CT	AG	CC	AG	58	6	7	8	47	31	17	8	11	19.5	70	181	3	4	3	30	nC
sub-015	66	F	SCD	8	33	TT	CC	AG	CC	CT	AG	TT	AG	TT	GG	52	6	7	7	41	23	15	10	9	18	46	90	0	1	n/a	29	n/a
sub-016	78	M	SCD	15	33	TT	CG	GG	CC	CT	AA	CC	AG	CT	GG	42	9	5	8	26	15	15	11	16	14	61	155	0	9	n/a	27	n/a
sub-017	70	M	HC	20	n/a	n/a	n/a	n/a	n/a	n/a	n/a	n/a	n/a	n/a	n/a	57	12	10	8	64	32	20	12	16	21	40	67	0	0	n/a	30	n/a
sub-018	67	F	HC	9	23	TT	CG	GG	CC	CT	AG	CC	GG	CT	GG	54	9	6	8	36	17	14	7	10	16.5	44	126	0	0	1	30	n/a
sub-019	65	F	SCD	6	n/a	n/a	n/a	n/a	n/a	n/a	n/a	n/a	n/a	n/a	n/a	52	8	4	7	20	11	11	6	11	21	32	104	0	0	n/a	29	n/a
sub-020	69	M	MCI	8	33	AT	CC	AG	CC	TT	GG	CC	GG	CT	AA	57	6	5	8	24	2	15	0	10	16	40	75	0	2	n/a	28	n/a
sub-021	71	F	HC	18	33	AT	CG	GG	CC	CT	AG	CC	AG	CC	GG	56	10	7	8	49	36	21	14	11.7	18	67	110	0	2	1	29	n/a
sub-022	72	M	HC	20	33	AT	CC	GG	CC	CT	n/a	CC	AA	CC	AA	53	10	9	6	38	23	19	12	13	19	51	116	0	1	n/a	28	n/a
sub-023	77	F	HC	6	34	AA	GG	GG	CC	CT	AG	CC	AG	CT	GG	54	8	7	8	49	32	20	13	20	20	55	95	0	0	n/a	27	n/a
sub-024	73	F	HC	10	33	AT	CG	AG	CC	CC	AG	CC	AG	TT	GG	51	8	4	8	46	25	19	14	21.3	25.5	50	103	0	0	1	30	n/a
sub-025	78	F	SCD	8	n/a	n/a	n/a	n/a	n/a	n/a	n/a	n/a	n/a	n/a	n/a	n/a	6	2	7	20	11	10	8	4	11	83	200	0	3	n/a	27	n/a
sub-026	64	F	MCI	9	34	AT	n/a	GG	CT	CT	AG	CC	GG	TT	AG	53	7	4	8	25	10	14	5	8	n/a	86	240	0	6	n/a	27	n/a
sub-027	72	F	MCI	8	33	AT	CC	GG	CC	CT	AG	CC	AA	CT	AG	56	7	5	8	13	4	12	4	9	15	n/a	n/a	2	13	n/a	28	n/a
sub-028	69	F	HC	11	23	AA	CC	GG	CT	CT	AG	CC	AG	CT	AG	51	11	10	8	41	28	17	12	15	17	37	87	0	0	n/a	30	n/a
sub-029	69	M	HC	8	33	AT	CC	AG	CC	CT	GG	CT	AG	CC	GG	56	6	5	8	45	23	17	10	7	14	47	134	0	2	n/a	30	n/a
sub-030	75	F	SCD	15	33	AT	CC	GG	CC	CC	AG	CC	GG	CC	AG	57	8	5	8	53	35	20	13	13	21	22	53	0	3	n/a	29	n/a
